Price,Close,High,Low,Open,Volume
Ticker,LULU,LULU,LULU,LULU,LULU
Date,,,,,
2023-01-03,323.3800048828125,327.3399963378906,319.4599914550781,326.8800048828125,1305000
2023-01-04,320.9800109863281,326.75,317.0299987792969,326.55999755859375,1678100
2023-01-05,325.92999267578125,328.5400085449219,316.5,320.8699951171875,1787000
2023-01-06,329.260009765625,334.2300109863281,326.82000732421875,329.5,2298200
2023-01-09,298.6600036621094,304.4100036621094,289.4800109863281,293.20001220703125,8292900
2023-01-10,309.4800109863281,309.8800048828125,298.5899963378906,299.8399963378906,3140400
2023-01-11,311.9599914550781,312.4100036621094,306.8999938964844,310.760009765625,2224400
2023-01-12,314.989990234375,316.8500061035156,306.8599853515625,311.9599914550781,1587700
2023-01-13,315.4700012207031,315.739990234375,310.25,311.1700134277344,1543200
2023-01-17,323.82000732421875,324.19000244140625,313.1499938964844,314.0,1491400
2023-01-18,318.07000732421875,327.760009765625,317.1700134277344,324.8500061035156,1284100
2023-01-19,307.94000244140625,316.8399963378906,306.70001220703125,316.010009765625,1519700
2023-01-20,312.79998779296875,314.4200134277344,304.3399963378906,307.25,1537800
2023-01-23,316.0799865722656,319.1300048828125,310.0,312.5,1643400
2023-01-24,311.2099914550781,311.4200134277344,302.1099853515625,304.45001220703125,2693700
2023-01-25,309.5199890136719,310.8500061035156,304.2200012207031,305.4100036621094,1425100
2023-01-26,309.5899963378906,313.5,305.7699890136719,313.2699890136719,1708300
2023-01-27,310.8500061035156,311.69000244140625,305.17999267578125,307.80999755859375,2077500
2023-01-30,302.5899963378906,310.9599914550781,302.4100036621094,308.9800109863281,1585300
2023-01-31,306.8800048828125,307.260009765625,301.79998779296875,303.2099914550781,1667300
2023-02-01,315.7099914550781,318.69000244140625,305.25,306.8999938964844,2010200
2023-02-02,322.760009765625,328.4200134277344,316.55999755859375,318.9599914550781,2224900
2023-02-03,319.4200134277344,325.1000061035156,317.5,317.5,1191200
2023-02-06,311.32000732421875,319.3900146484375,310.19000244140625,314.4200134277344,1249300
2023-02-07,319.1000061035156,319.7799987792969,305.7799987792969,311.6600036621094,1263000
2023-02-08,309.2799987792969,315.5199890136719,307.0299987792969,314.05999755859375,1479700
2023-02-09,310.45001220703125,316.5299987792969,309.2300109863281,313.42999267578125,1150700
2023-02-10,309.3999938964844,311.5,305.7799987792969,306.9100036621094,1365000
2023-02-13,317.0799865722656,317.489990234375,309.9700012207031,311.30999755859375,1202500
2023-02-14,319.8800048828125,321.7900085449219,311.6600036621094,313.6400146484375,1005900
2023-02-15,325.2300109863281,325.2699890136719,317.6700134277344,318.05999755859375,1027000
2023-02-16,321.8299865722656,328.1600036621094,319.5799865722656,322.6099853515625,1096900
2023-02-17,320.3599853515625,322.1099853515625,315.20001220703125,318.7699890136719,840000
2023-02-21,314.1099853515625,318.3399963378906,313.79998779296875,314.8299865722656,1065500
2023-02-22,316.5199890136719,317.5400085449219,312.3500061035156,313.7699890136719,768800
2023-02-23,317.79998779296875,318.0,310.2099914550781,316.5400085449219,984000
2023-02-24,308.1000061035156,313.3299865722656,305.82000732421875,313.3299865722656,1287600
2023-02-27,310.29998779296875,313.1499938964844,307.3599853515625,311.5,1006000
2023-02-28,309.20001220703125,312.9800109863281,308.3800048828125,308.67999267578125,1032200
2023-03-01,309.489990234375,311.760009765625,303.80999755859375,309.3900146484375,1255300
2023-03-02,311.6499938964844,313.6000061035156,306.57000732421875,307.94000244140625,898300
2023-03-03,316.8299865722656,317.5899963378906,311.29998779296875,314.0,977400
2023-03-06,304.6000061035156,316.8500061035156,304.5299987792969,314.2699890136719,2401800
2023-03-07,301.80999755859375,311.3999938964844,301.5299987792969,305.7300109863281,1974900
2023-03-08,305.8699951171875,307.2699890136719,300.6499938964844,302.1099853515625,1395200
2023-03-09,301.79998779296875,309.19000244140625,300.19000244140625,305.7300109863281,1492000
2023-03-10,296.260009765625,302.9200134277344,294.2300109863281,302.8800048828125,2863300
2023-03-13,292.8999938964844,296.8299865722656,288.5299987792969,294.4100036621094,3388800
2023-03-14,295.1000061035156,296.5199890136719,291.5,296.1499938964844,2805900
2023-03-15,293.2300109863281,294.2900085449219,286.5799865722656,291.0199890136719,2055300
2023-03-16,297.3999938964844,297.5400085449219,289.1400146484375,290.42999267578125,1667700
2023-03-17,294.739990234375,297.32000732421875,289.94000244140625,294.8699951171875,2517600
2023-03-20,293.45001220703125,297.42999267578125,289.80999755859375,295.9599914550781,1621900
2023-03-21,298.80999755859375,304.75,296.4599914550781,296.5299987792969,2369300
2023-03-22,303.7300109863281,312.20001220703125,300.7799987792969,301.6199951171875,2457200
2023-03-23,308.2200012207031,312.5799865722656,304.19000244140625,308.2799987792969,1517800
2023-03-24,313.45001220703125,315.510009765625,306.5899963378906,308.05999755859375,1506500
2023-03-27,317.2200012207031,317.8699951171875,310.4100036621094,316.29998779296875,1817600
2023-03-28,320.30999755859375,321.25,314.2200012207031,319.6099853515625,5869000
2023-03-29,361.0400085449219,370.25,359.6400146484375,366.25,11502000
2023-03-30,358.0899963378906,368.1400146484375,356.5,365.0,2864900
2023-03-31,364.19000244140625,364.489990234375,357.7300109863281,360.04998779296875,2218000
2023-04-03,367.3999938964844,367.5199890136719,361.739990234375,364.19000244140625,1655600
2023-04-04,366.79998779296875,370.260009765625,364.79998779296875,366.5899963378906,1682200
2023-04-05,364.80999755859375,371.260009765625,362.760009765625,367.6400146484375,1437900
2023-04-06,364.3299865722656,365.5899963378906,359.6400146484375,362.2200012207031,1322000
2023-04-10,363.3699951171875,364.6700134277344,361.1700134277344,361.4700012207031,972200
2023-04-11,365.80999755859375,368.94000244140625,361.79998779296875,362.75,1329300
2023-04-12,363.5400085449219,370.0,363.1099853515625,370.0,1092900
2023-04-13,364.3800048828125,366.8599853515625,363.5,365.8699951171875,1202400
2023-04-14,368.25,369.1400146484375,363.8599853515625,364.0,1030800
2023-04-17,368.3800048828125,373.4100036621094,366.989990234375,369.989990234375,1820000
2023-04-18,372.5,373.5,369.5299987792969,372.1000061035156,1407000
2023-04-19,370.1199951171875,374.05999755859375,369.8500061035156,371.75,878800
2023-04-20,376.7099914550781,377.8399963378906,369.07000732421875,369.5299987792969,1403800
2023-04-21,377.79998779296875,378.0899963378906,374.2799987792969,376.7099914550781,1007700
2023-04-24,381.3699951171875,384.25,377.8299865722656,378.760009765625,1504000
2023-04-25,372.80999755859375,380.3900146484375,372.260009765625,378.2200012207031,1784300
2023-04-26,372.94000244140625,375.2099914550781,371.8599853515625,373.7799987792969,1019700
2023-04-27,378.0799865722656,379.1499938964844,373.32000732421875,376.3399963378906,1045100
2023-04-28,379.92999267578125,380.3299865722656,375.9100036621094,377.1600036621094,1013600
2023-05-01,384.989990234375,385.44000244140625,380.2099914550781,380.5799865722656,1302300
2023-05-02,380.75,383.79998779296875,378.25,383.17999267578125,1229400
2023-05-03,383.1199951171875,387.67999267578125,378.3800048828125,381.5299987792969,1279600
2023-05-04,382.05999755859375,384.7300109863281,381.0199890136719,383.1199951171875,1481700
2023-05-05,386.7099914550781,389.05999755859375,382.6300048828125,385.3299865722656,1318100
2023-05-08,381.8599853515625,388.989990234375,380.9200134277344,387.989990234375,1130900
2023-05-09,381.44000244140625,383.3699951171875,375.92999267578125,377.1099853515625,1004900
2023-05-10,379.32000732421875,385.3599853515625,377.7200012207031,385.3599853515625,1027100
2023-05-11,377.32000732421875,379.6600036621094,376.04998779296875,378.75,775800
2023-05-12,376.20001220703125,378.42999267578125,372.5,377.010009765625,1044300
2023-05-15,375.7099914550781,378.0,373.7099914550781,376.6000061035156,1298200
2023-05-16,371.5199890136719,372.8800048828125,367.54998779296875,372.1600036621094,1509200
2023-05-17,372.2200012207031,373.239990234375,367.3500061035156,371.29998779296875,1377200
2023-05-18,378.70001220703125,379.3500061035156,371.1499938964844,371.8999938964844,1223100
2023-05-19,368.5299987792969,375.2099914550781,365.1099853515625,375.2099914550781,1566700
2023-05-22,363.1199951171875,367.8399963378906,356.6499938964844,366.92999267578125,1830800
2023-05-23,353.8599853515625,362.989990234375,352.45001220703125,362.3999938964844,1589000
2023-05-24,344.5799865722656,353.9700012207031,343.4200134277344,353.8599853515625,2117600
2023-05-25,342.3399963378906,346.5299987792969,340.95001220703125,343.0899963378906,1415000
2023-05-26,340.260009765625,344.3900146484375,339.489990234375,342.3399963378906,1789800
2023-05-30,336.6400146484375,343.3800048828125,335.3500061035156,341.0199890136719,2531700
2023-05-31,331.92999267578125,335.989990234375,329.1199951171875,335.3900146484375,3735200
2023-06-01,328.3500061035156,334.67999267578125,326.92999267578125,330.9100036621094,4166100
2023-06-02,365.44000244140625,386.3299865722656,364.82000732421875,378.2300109863281,9317200
2023-06-05,356.44000244140625,363.6400146484375,355.6099853515625,363.0,3093000
2023-06-06,356.0199890136719,361.6099853515625,354.7799987792969,357.8999938964844,1707900
2023-06-07,353.92999267578125,358.3999938964844,352.5400085449219,355.0899963378906,1376400
2023-06-08,354.95001220703125,355.2699890136719,350.8999938964844,354.0199890136719,1367200
2023-06-09,360.3999938964844,360.5,354.010009765625,355.489990234375,1707000
2023-06-12,368.17999267578125,368.79998779296875,357.1600036621094,362.17999267578125,1939900
2023-06-13,368.3599853515625,370.5299987792969,364.42999267578125,370.25,1629500
2023-06-14,377.2099914550781,378.760009765625,369.0899963378906,370.0,1827900
2023-06-15,382.6300048828125,383.20001220703125,376.1000061035156,377.2099914550781,1405700
2023-06-16,383.0199890136719,386.8699951171875,381.04998779296875,386.8699951171875,1849700
2023-06-20,383.489990234375,383.8299865722656,378.760009765625,383.0,1468700
2023-06-21,378.80999755859375,385.5,378.0199890136719,384.0299987792969,1212900
2023-06-22,377.9599914550781,379.4200134277344,376.0,376.42999267578125,886900
2023-06-23,374.25,377.29998779296875,372.4599914550781,374.1000061035156,3265200
2023-06-26,373.7699890136719,378.2900085449219,373.4700012207031,377.30999755859375,1028100
2023-06-27,374.5199890136719,377.5,374.1600036621094,375.2900085449219,823300
2023-06-28,376.25,378.8299865722656,374.3399963378906,377.05999755859375,880400
2023-06-29,370.260009765625,379.9599914550781,369.8399963378906,378.0199890136719,1103500
2023-06-30,378.5,380.3699951171875,374.760009765625,375.3699951171875,1477700
2023-07-03,379.4100036621094,381.5,377.6099853515625,379.8999938964844,498300
2023-07-05,375.989990234375,381.1499938964844,374.1000061035156,376.3299865722656,1000100
2023-07-06,367.0299987792969,373.489990234375,366.010009765625,370.0,1136000
2023-07-07,363.739990234375,367.8999938964844,363.260009765625,366.0,935300
2023-07-10,369.5199890136719,372.8800048828125,364.2900085449219,364.7200012207031,1043300
2023-07-11,379.4800109863281,380.0899963378906,371.3800048828125,371.44000244140625,885700
2023-07-12,383.32000732421875,384.739990234375,378.54998779296875,383.6000061035156,979900
2023-07-13,379.5400085449219,387.7300109863281,379.3399963378906,386.989990234375,702000
2023-07-14,380.4100036621094,381.7799987792969,377.5199890136719,379.7300109863281,660500
2023-07-17,383.69000244140625,385.3500061035156,378.3999938964844,379.07000732421875,809400
2023-07-18,385.4200134277344,385.57000732421875,379.2300109863281,384.3800048828125,935200
2023-07-19,390.510009765625,394.5400085449219,384.8699951171875,385.0,1478200
2023-07-20,381.8599853515625,390.8299865722656,381.42999267578125,386.5799865722656,1341500
2023-07-21,382.9599914550781,388.3800048828125,381.0,384.6199951171875,2642300
2023-07-24,380.3900146484375,384.3500061035156,376.80999755859375,382.42999267578125,1211900
2023-07-25,382.1199951171875,383.1099853515625,378.7300109863281,380.0,725600
2023-07-26,378.9800109863281,381.5400085449219,375.79998779296875,380.92999267578125,782400
2023-07-27,370.75,382.8800048828125,368.760009765625,381.4200134277344,1261800
2023-07-28,377.9599914550781,378.6400146484375,374.5299987792969,375.8699951171875,1041400
2023-07-31,378.5299987792969,382.07000732421875,377.3900146484375,377.9599914550781,867200
2023-08-01,381.2099914550781,382.30999755859375,376.0,376.989990234375,1096100
2023-08-02,376.6499938964844,378.5799865722656,375.0,377.4599914550781,916200
2023-08-03,384.0,385.45001220703125,375.0,375.760009765625,1055500
2023-08-04,378.20001220703125,386.4700012207031,377.42999267578125,385.4100036621094,907700
2023-08-07,382.5,383.0899963378906,377.19000244140625,380.95001220703125,761500
2023-08-08,380.70001220703125,381.1099853515625,373.7099914550781,378.6400146484375,860600
2023-08-09,382.3299865722656,386.0,376.6300048828125,382.0,748100
2023-08-10,384.54998779296875,394.6400146484375,383.3699951171875,385.8800048828125,937600
2023-08-11,381.1300048828125,383.6000061035156,377.739990234375,382.9800109863281,650100
2023-08-14,385.0199890136719,387.42999267578125,379.5299987792969,380.0,861300
2023-08-15,383.17999267578125,385.45001220703125,378.010009765625,383.0,941700
2023-08-16,381.1600036621094,389.7799987792969,381.0799865722656,384.7799987792969,743500
2023-08-17,376.29998779296875,384.0199890136719,376.0400085449219,383.8500061035156,831400
2023-08-18,381.2900085449219,382.6499938964844,371.45001220703125,372.5899963378906,945900
2023-08-21,384.8999938964844,385.739990234375,381.3399963378906,382.95001220703125,1009200
2023-08-22,379.4200134277344,381.5299987792969,373.5400085449219,380.6000061035156,1122900
2023-08-23,377.7099914550781,379.3299865722656,368.8299865722656,374.9599914550781,1411400
2023-08-24,360.2200012207031,379.4100036621094,359.80999755859375,379.4100036621094,2347100
2023-08-25,365.5899963378906,367.3900146484375,360.4200134277344,362.05999755859375,1138400
2023-08-28,365.8399963378906,367.989990234375,362.9700012207031,367.0899963378906,1191300
2023-08-29,374.7300109863281,375.8699951171875,363.3500061035156,365.010009765625,1260300
2023-08-30,376.7300109863281,379.0,373.5,378.8699951171875,1175800
2023-08-31,381.260009765625,382.8900146484375,378.5,379.2699890136719,3328500
2023-09-01,404.19000244140625,406.75,385.1099853515625,393.0,5176100
2023-09-05,401.80999755859375,406.94000244140625,397.2799987792969,400.0,1855900
2023-09-06,399.0,404.4700012207031,396.7699890136719,400.7099914550781,990000
2023-09-07,398.989990234375,400.8399963378906,396.010009765625,397.5199890136719,830300
2023-09-08,396.3599853515625,401.3800048828125,395.510009765625,401.04998779296875,665600
2023-09-11,397.44000244140625,399.30999755859375,392.7699890136719,396.3599853515625,764200
2023-09-12,388.1199951171875,400.42999267578125,387.17999267578125,396.2699890136719,1102000
2023-09-13,388.9700012207031,392.9800109863281,385.55999755859375,386.6700134277344,898600
2023-09-14,388.739990234375,394.17999267578125,384.30999755859375,394.17999267578125,914200
2023-09-15,389.92999267578125,390.0,383.6700134277344,388.8999938964844,1411000
2023-09-18,382.80999755859375,391.989990234375,381.67999267578125,391.70001220703125,1178000
2023-09-19,384.45001220703125,386.44000244140625,379.4200134277344,382.6499938964844,740800
2023-09-20,391.8800048828125,397.989990234375,387.8800048828125,389.1499938964844,1487700
2023-09-21,383.8999938964844,390.4800109863281,383.75,387.44000244140625,1543700
2023-09-22,388.04998779296875,391.7099914550781,386.3800048828125,387.5,1102600
2023-09-25,384.3299865722656,387.5,378.1099853515625,386.0199890136719,1576700
2023-09-26,380.6600036621094,384.7200012207031,378.2900085449219,380.6300048828125,1521100
2023-09-27,379.1400146484375,384.2900085449219,377.0400085449219,382.2099914550781,700400
2023-09-28,379.0,382.1499938964844,375.6199951171875,381.54998779296875,1146500
2023-09-29,385.6099853515625,389.9599914550781,382.20001220703125,387.3500061035156,1509100
2023-10-02,382.8599853515625,388.8699951171875,380.8800048828125,384.6000061035156,1197500
2023-10-03,368.3399963378906,381.5299987792969,365.17999267578125,378.8399963378906,1652700
2023-10-04,370.1000061035156,372.0,366.989990234375,367.760009765625,976300
2023-10-05,360.3599853515625,367.5,360.20001220703125,367.5,1625400
2023-10-06,367.2200012207031,368.7799987792969,354.6600036621094,360.0,1677900
2023-10-09,372.6400146484375,372.8699951171875,363.57000732421875,366.8999938964844,1079100
2023-10-10,373.0299987792969,378.8399963378906,371.44000244140625,372.6400146484375,1178500
2023-10-11,373.3599853515625,375.9599914550781,368.239990234375,374.0,1046300
2023-10-12,373.94000244140625,374.8999938964844,366.989990234375,374.8999938964844,1250900
2023-10-13,377.69000244140625,384.6000061035156,374.3999938964844,375.0,1941700
2023-10-16,416.6400146484375,419.010009765625,401.8399963378906,402.239990234375,11454200
2023-10-17,412.94000244140625,419.8599853515625,412.19000244140625,415.0,28064700
2023-10-18,405.6099853515625,417.20001220703125,404.7699890136719,412.0199890136719,3750100
2023-10-19,396.19000244140625,408.2099914550781,394.5799865722656,407.010009765625,2628200
2023-10-20,395.82000732421875,398.1300048828125,389.0,397.42999267578125,1937700
2023-10-23,402.4599914550781,406.80999755859375,392.0799865722656,394.9200134277344,1827700
2023-10-24,403.3699951171875,405.6099853515625,398.3399963378906,405.6099853515625,1575800
2023-10-25,396.70001220703125,403.82000732421875,396.1199951171875,401.0,1309700
2023-10-26,388.6199951171875,394.0400085449219,386.0,393.17999267578125,1837200
2023-10-27,386.82000732421875,392.2099914550781,384.3699951171875,390.0,1448600
2023-10-30,391.75,393.2699890136719,387.75,388.44000244140625,1005200
2023-10-31,393.4800109863281,395.70001220703125,389.010009765625,391.75,1084300
2023-11-01,395.2900085449219,395.80999755859375,385.260009765625,393.30999755859375,1312600
2023-11-02,403.5,404.8699951171875,398.70001220703125,398.9100036621094,1390000
2023-11-03,407.92999267578125,412.0299987792969,406.2699890136719,408.7799987792969,1231000
2023-11-06,407.95001220703125,412.2699890136719,404.510009765625,411.5,826900
2023-11-07,413.69000244140625,414.4800109863281,406.0,409.8999938964844,1175700
2023-11-08,409.6400146484375,415.1499938964844,409.32000732421875,415.0,714500
2023-11-09,406.5799865722656,410.75,404.69000244140625,410.75,922600
2023-11-10,413.6700134277344,413.8999938964844,404.8900146484375,407.510009765625,1038900
2023-11-13,416.9800109863281,418.6099853515625,409.79998779296875,410.4800109863281,1277100
2023-11-14,430.3299865722656,431.1000061035156,421.69000244140625,422.6600036621094,1566300
2023-11-15,432.19000244140625,437.05999755859375,431.45001220703125,433.0899963378906,1257500
2023-11-16,420.2799987792969,431.5,416.54998779296875,430.6700134277344,1706800
2023-11-17,422.44000244140625,425.6700134277344,421.0400085449219,425.2200012207031,1219800
2023-11-20,428.5799865722656,429.5899963378906,422.7799987792969,423.8900146484375,866000
2023-11-21,430.3699951171875,431.9200134277344,425.75,426.6499938964844,867400
2023-11-22,428.6300048828125,435.07000732421875,428.19000244140625,430.82000732421875,800600
2023-11-24,431.760009765625,432.2699890136719,426.3500061035156,428.29998779296875,401700
2023-11-27,435.6700134277344,437.80999755859375,430.04998779296875,430.04998779296875,1074800
2023-11-28,427.7300109863281,436.6600036621094,427.0899963378906,435.57000732421875,1353900
2023-11-29,438.3500061035156,439.760009765625,428.6000061035156,429.20001220703125,1658800
2023-11-30,446.79998779296875,448.7300109863281,438.6000061035156,439.7699890136719,2372000
2023-12-01,466.6099853515625,467.6300048828125,447.6000061035156,447.6000061035156,2456800
2023-12-04,460.760009765625,463.3699951171875,452.2300109863281,459.20001220703125,2637100
2023-12-05,456.92999267578125,462.2699890136719,452.5299987792969,454.760009765625,1793500
2023-12-06,460.6700134277344,464.05999755859375,458.2699890136719,459.2799987792969,1387200
2023-12-07,464.6700134277344,466.6300048828125,460.6000061035156,460.6700134277344,3243500
2023-12-08,489.6400146484375,493.79998779296875,448.80999755859375,455.8800048828125,7144400
2023-12-11,502.739990234375,507.44000244140625,490.0,493.95001220703125,2799000
2023-12-12,503.6499938964844,504.3999938964844,495.67999267578125,503.0,1717100
2023-12-13,504.5,508.42999267578125,494.0899963378906,502.8299865722656,1698900
2023-12-14,489.29998779296875,505.6300048828125,487.19000244140625,505.05999755859375,2649600
2023-12-15,491.4599914550781,492.19000244140625,483.80999755859375,486.4599914550781,2677400
2023-12-18,501.6300048828125,501.7200012207031,488.4200134277344,490.010009765625,1230600
2023-12-19,506.8599853515625,509.3299865722656,502.8299865722656,503.5799865722656,1174800
2023-12-20,505.1499938964844,511.6000061035156,503.95001220703125,504.510009765625,1063000
2023-12-21,511.0299987792969,511.2699890136719,505.510009765625,507.8599853515625,896600
2023-12-22,510.0,510.4800109863281,502.2200012207031,502.6000061035156,1179500
2023-12-26,506.32000732421875,513.5,505.5199890136719,513.239990234375,887300
2023-12-27,508.80999755859375,509.8800048828125,505.5299987792969,506.0,816400
2023-12-28,509.2200012207031,512.47998046875,508.2699890136719,510.4599914550781,688700
2023-12-29,511.2900085449219,516.3900146484375,508.4599914550781,509.8699951171875,918300
2024-01-02,505.3800048828125,508.9200134277344,502.1499938964844,508.57000732421875,1187800
2024-01-03,498.0199890136719,503.95001220703125,496.69000244140625,501.8900146484375,1029200
2024-01-04,496.0,502.0,495.010009765625,496.8999938964844,1174400
2024-01-05,491.1000061035156,499.2099914550781,490.69000244140625,495.9200134277344,1121500
2024-01-08,491.4800109863281,493.489990234375,478.1300048828125,488.4700012207031,1827300
2024-01-09,485.7099914550781,489.92999267578125,483.0899963378906,488.92999267578125,1242700
2024-01-10,484.1000061035156,488.510009765625,482.5899963378906,488.0,1276000
2024-01-11,485.4800109863281,486.2099914550781,478.1600036621094,483.3900146484375,823500
2024-01-12,479.94000244140625,490.8399963378906,479.0899963378906,488.0799865722656,1050700
2024-01-16,470.7300109863281,478.04998779296875,467.5799865722656,478.04998779296875,1370200
2024-01-17,468.3999938964844,469.5799865722656,462.8399963378906,469.17999267578125,1347000
2024-01-18,477.45001220703125,478.4599914550781,468.8399963378906,472.19000244140625,1482300
2024-01-19,484.0199890136719,484.75,475.04998779296875,477.760009765625,1257700
2024-01-22,481.8900146484375,483.29998779296875,477.6199951171875,483.0,909500
2024-01-23,477.0,481.8900146484375,474.5,480.2200012207031,1038400
2024-01-24,474.8399963378906,480.9599914550781,472.6700134277344,477.0,1399400
2024-01-25,474.29998779296875,476.94000244140625,468.1600036621094,475.2200012207031,964300
2024-01-26,478.0299987792969,484.30999755859375,470.6499938964844,475.0,1128700
2024-01-29,481.989990234375,482.44000244140625,475.739990234375,478.0299987792969,1072400
2024-01-30,481.3999938964844,491.29998779296875,479.760009765625,481.989990234375,1295100
2024-01-31,453.82000732421875,473.1000061035156,451.3500061035156,472.0199890136719,2879200
2024-02-01,461.94000244140625,463.0299987792969,454.0199890136719,454.8999938964844,1526200
2024-02-02,462.3999938964844,464.6199951171875,454.6199951171875,458.5,1144200
2024-02-05,456.7300109863281,459.04998779296875,450.54998779296875,458.4100036621094,1166100
2024-02-06,456.5400085449219,459.6600036621094,450.05999755859375,457.30999755859375,1531000
2024-02-07,457.75,463.25,456.20001220703125,459.0400085449219,1013300
2024-02-08,472.9800109863281,476.6199951171875,460.9800109863281,463.2699890136719,1510300
2024-02-09,470.239990234375,471.260009765625,458.7799987792969,466.6099853515625,1350000
2024-02-12,466.0799865722656,478.0,465.1199951171875,473.2799987792969,1174700
2024-02-13,456.2300109863281,461.95001220703125,454.0,457.55999755859375,1264100
2024-02-14,460.7099914550781,461.989990234375,456.70001220703125,460.44000244140625,697200
2024-02-15,458.9800109863281,463.239990234375,454.5,461.32000732421875,915500
2024-02-16,449.6000061035156,457.3900146484375,445.5299987792969,457.1199951171875,1341000
2024-02-20,444.6000061035156,449.6000061035156,441.010009765625,445.7699890136719,1185300
2024-02-21,443.4599914550781,448.4100036621094,440.260009765625,447.2799987792969,807800
2024-02-22,455.260009765625,457.3599853515625,447.3500061035156,448.1000061035156,1105000
2024-02-23,457.8900146484375,462.82000732421875,454.2200012207031,458.5,862300
2024-02-26,468.25,472.9599914550781,459.260009765625,461.05999755859375,1447000
2024-02-27,467.8399963378906,471.5,463.95001220703125,471.0899963378906,919500
2024-02-28,464.1400146484375,474.1700134277344,463.3399963378906,466.5,913800
2024-02-29,467.0899963378906,469.8999938964844,461.1000061035156,466.0299987792969,1431900
2024-03-01,458.5,464.57000732421875,457.6300048828125,461.44000244140625,1295300
2024-03-04,450.7900085449219,459.0299987792969,449.7699890136719,458.6300048828125,1254200
2024-03-05,446.05999755859375,448.80999755859375,443.6099853515625,448.80999755859375,975500
2024-03-06,448.5400085449219,452.6600036621094,443.5199890136719,451.989990234375,941300
2024-03-07,457.2799987792969,461.0,449.0299987792969,449.0299987792969,1078300
2024-03-08,460.3900146484375,465.4200134277344,457.2900085449219,461.2699890136719,755200
2024-03-11,457.760009765625,461.5299987792969,453.6700134277344,461.5299987792969,729700
2024-03-12,465.2799987792969,467.8599853515625,458.55999755859375,459.4800109863281,841200
2024-03-13,465.54998779296875,471.7200012207031,465.3699951171875,467.92999267578125,799700
2024-03-14,470.010009765625,472.05999755859375,462.75,472.05999755859375,1316800
2024-03-15,464.94000244140625,470.6700134277344,463.1600036621094,467.1199951171875,1678100
2024-03-18,459.57000732421875,469.69000244140625,459.4800109863281,465.9200134277344,1261300
2024-03-19,467.2699890136719,467.8599853515625,454.2300109863281,457.69000244140625,1428900
2024-03-20,469.04998779296875,469.7900085449219,461.9200134277344,467.3399963378906,1627800
2024-03-21,478.8399963378906,480.94000244140625,469.0,472.0,4022000
2024-03-22,403.19000244140625,418.70001220703125,387.1099853515625,416.25,19680100
2024-03-25,388.8999938964844,405.0899963378906,387.04998779296875,405.0899963378906,5122900
2024-03-26,386.1400146484375,395.2699890136719,385.8800048828125,393.5899963378906,2881700
2024-03-27,389.4599914550781,394.4599914550781,386.4700012207031,387.0799865722656,2340500
2024-03-28,390.6499938964844,394.32000732421875,390.07000732421875,390.5,1699100
2024-04-01,385.20001220703125,394.0,384.0199890136719,393.54998779296875,1827500
2024-04-02,378.05999755859375,381.6400146484375,376.1400146484375,380.0,2137700
2024-04-03,374.010009765625,379.8999938964844,373.80999755859375,378.67999267578125,1550800
2024-04-04,357.55999755859375,373.3399963378906,356.75,373.0,4717600
2024-04-05,356.8699951171875,360.82000732421875,355.2300109863281,357.8999938964844,1809800
2024-04-08,360.4599914550781,361.7200012207031,355.8699951171875,358.6099853515625,1684500
2024-04-09,358.79998779296875,360.989990234375,355.4100036621094,360.1000061035156,1963600
2024-04-10,350.25,355.17999267578125,349.5299987792969,352.79998779296875,1962800
2024-04-11,349.9200134277344,352.04998779296875,347.510009765625,350.5899963378906,1948300
2024-04-12,336.1300048828125,346.8999938964844,336.0400085449219,345.4700012207031,2664800
2024-04-15,334.760009765625,343.82000732421875,334.5299987792969,340.989990234375,2326900
2024-04-16,338.9800109863281,341.1099853515625,330.6099853515625,334.0299987792969,2147100
2024-04-17,344.8599853515625,346.45001220703125,341.239990234375,342.0,2147800
2024-04-18,347.510009765625,352.1000061035156,344.30999755859375,346.5,2180200
2024-04-19,352.4700012207031,353.1000061035156,346.3900146484375,346.9599914550781,2470400
2024-04-22,361.7900085449219,364.6300048828125,354.67999267578125,354.67999267578125,2537800
2024-04-23,364.67999267578125,366.19000244140625,359.3299865722656,362.1700134277344,1589900
2024-04-24,364.5899963378906,368.3599853515625,361.2200012207031,368.3599853515625,1260300
2024-04-25,360.0,364.0,356.6700134277344,363.19000244140625,1538400
2024-04-26,364.70001220703125,367.5899963378906,359.3900146484375,359.42999267578125,1234500
2024-04-29,363.9599914550781,366.9800109863281,357.0199890136719,357.8900146484375,1361200
2024-04-30,360.6000061035156,362.5899963378906,358.6199951171875,362.5899963378906,1592700
2024-05-01,354.3999938964844,360.45001220703125,351.6700134277344,358.04998779296875,1336000
2024-05-02,350.79998779296875,357.2900085449219,348.510009765625,356.3399963378906,1818600
2024-05-03,355.1499938964844,357.04998779296875,351.7699890136719,355.20001220703125,1257700
2024-05-06,350.239990234375,357.8999938964844,349.1700134277344,357.0,1324100
2024-05-07,349.8500061035156,354.1600036621094,348.79998779296875,350.9800109863281,1207800
2024-05-08,345.6099853515625,349.0199890136719,345.07000732421875,347.2099914550781,1366400
2024-05-09,352.95001220703125,355.20001220703125,346.1099853515625,346.9700012207031,1774800
2024-05-10,352.9599914550781,353.3800048828125,347.3900146484375,352.8999938964844,1390800
2024-05-13,347.1600036621094,355.44000244140625,347.0,354.3699951171875,1482300
2024-05-14,352.3500061035156,353.3900146484375,349.0400085449219,349.0400085449219,1228000
2024-05-15,346.8500061035156,354.5299987792969,346.239990234375,354.5,1527700
2024-05-16,338.2799987792969,347.67999267578125,337.5400085449219,347.67999267578125,3261400
2024-05-17,334.95001220703125,338.75,334.0199890136719,338.75,2588600
2024-05-20,327.07000732421875,334.2099914550781,323.6600036621094,334.2099914550781,3629200
2024-05-21,322.9800109863281,328.2900085449219,322.1499938964844,327.3500061035156,2225100
2024-05-22,299.6300048828125,307.9200134277344,295.739990234375,306.9100036621094,8918100
2024-05-23,299.739990234375,303.6600036621094,295.2799987792969,299.6499938964844,3824400
2024-05-24,303.010009765625,306.9200134277344,299.739990234375,301.5299987792969,2284000
2024-05-28,295.25,304.4200134277344,293.0299987792969,304.0,2845600
2024-05-29,298.5400085449219,301.45001220703125,293.3599853515625,294.0,2604500
2024-05-30,302.8999938964844,307.3800048828125,299.0,299.8399963378906,2635000
2024-05-31,311.989990234375,313.3299865722656,306.70001220703125,307.9100036621094,4260700
2024-06-03,306.6199951171875,314.1300048828125,305.7900085449219,311.260009765625,2098500
2024-06-04,306.7799987792969,309.2799987792969,301.3399963378906,303.8999938964844,2151200
2024-06-05,308.2699890136719,308.760009765625,301.04998779296875,308.760009765625,6609400
2024-06-06,323.0299987792969,337.760009765625,314.6499938964844,337.010009765625,12294700
2024-06-07,317.8599853515625,329.7300109863281,316.260009765625,321.19000244140625,4031400
2024-06-10,318.260009765625,322.0299987792969,314.010009765625,314.6600036621094,2132000
2024-06-11,318.0400085449219,319.70001220703125,314.7699890136719,315.3900146484375,1760700
2024-06-12,309.80999755859375,321.95001220703125,307.8800048828125,321.8900146484375,2681100
2024-06-13,307.489990234375,309.1400146484375,303.8699951171875,306.8800048828125,2078400
2024-06-14,306.010009765625,308.0,303.1600036621094,305.1199951171875,1472700
2024-06-17,312.9100036621094,313.2200012207031,303.75,304.2799987792969,1948900
2024-06-18,313.2300109863281,315.5,311.5199890136719,312.1199951171875,1836800
2024-06-20,310.7699890136719,314.6600036621094,310.2200012207031,314.3800048828125,1626100
2024-06-21,311.82000732421875,313.45001220703125,309.1000061035156,311.2699890136719,3223500
2024-06-24,312.2799987792969,316.5299987792969,311.739990234375,312.2900085449219,2155600
2024-06-25,309.07000732421875,317.2099914550781,307.69000244140625,312.3399963378906,1985300
2024-06-26,304.80999755859375,309.8800048828125,304.3699951171875,308.7799987792969,1265500
2024-06-27,308.29998779296875,308.44000244140625,303.19000244140625,304.1600036621094,1410300
2024-06-28,298.70001220703125,303.25,296.2099914550781,302.0,3496800
2024-07-01,302.3599853515625,302.5799865722656,295.489990234375,300.7300109863281,1526500
2024-07-02,301.6700134277344,304.3900146484375,299.67999267578125,300.45001220703125,1434800
2024-07-03,300.32000732421875,302.5899963378906,299.0199890136719,301.6700134277344,952000
2024-07-05,298.1400146484375,303.1400146484375,296.79998779296875,303.1400146484375,1255000
2024-07-08,294.0299987792969,301.9100036621094,293.510009765625,300.4200134277344,1705300
2024-07-09,289.8699951171875,293.70001220703125,288.1099853515625,293.70001220703125,2012800
2024-07-10,288.0799865722656,290.2099914550781,283.489990234375,288.7900085449219,2192400
2024-07-11,289.20001220703125,295.5,288.3900146484375,289.3999938964844,1799900
2024-07-12,291.05999755859375,296.3800048828125,287.7799987792969,292.80999755859375,1797700
2024-07-15,283.7200012207031,290.0,282.5799865722656,289.5,2195100
2024-07-16,291.760009765625,291.8699951171875,282.0400085449219,284.6600036621094,1879100
2024-07-17,292.67999267578125,293.94000244140625,288.510009765625,289.9599914550781,1576400
2024-07-18,285.1300048828125,295.3500061035156,284.69000244140625,293.69000244140625,1885700
2024-07-19,280.239990234375,287.0,279.1600036621094,286.94000244140625,1623700
2024-07-22,285.0,286.42999267578125,280.8500061035156,281.79998779296875,1457600
2024-07-23,281.3699951171875,287.25,281.20001220703125,285.20001220703125,1494100
2024-07-24,272.05999755859375,281.0,268.7799987792969,280.57000732421875,2647100
2024-07-25,247.32000732421875,262.0,245.58999633789062,260.9800109863281,9370500
2024-07-26,253.5,257.260009765625,246.99000549316406,250.0,4121400
2024-07-29,259.0299987792969,260.4599914550781,251.9499969482422,256.3900146484375,2308500
2024-07-30,256.0,259.3900146484375,253.6999969482422,258.29998779296875,1563900
2024-07-31,258.6600036621094,262.5,256.0,256.0,2048800
2024-08-01,249.0500030517578,260.1199951171875,246.1199951171875,258.6700134277344,2119400
2024-08-02,236.0,243.25,234.69000244140625,240.0,3097900
2024-08-05,233.39999389648438,236.35000610351562,226.00999450683594,228.0800018310547,2857400
2024-08-06,236.89999389648438,240.36000061035156,234.0,235.0,1848400
2024-08-07,233.44000244140625,244.64999389648438,232.9600067138672,239.9600067138672,1545100
2024-08-08,241.75,243.14999389648438,235.92999267578125,238.13999938964844,1762400
2024-08-09,238.72000122070312,240.8699951171875,237.27999877929688,240.75,1289800
2024-08-12,239.6999969482422,240.82000732421875,236.5500030517578,239.92999267578125,1412000
2024-08-13,241.9499969482422,245.72999572753906,238.91000366210938,241.33999633789062,1860900
2024-08-14,240.49000549316406,244.5,240.36000061035156,243.0,1157700
2024-08-15,256.54998779296875,258.3399963378906,250.1300048828125,250.82000732421875,3213500
2024-08-16,258.1000061035156,259.8999938964844,254.00999450683594,258.20001220703125,2090200
2024-08-19,259.1199951171875,263.0,258.4200134277344,259.6000061035156,2061000
2024-08-20,260.6000061035156,261.32000732421875,257.30999755859375,259.0,1411000
2024-08-21,265.6300048828125,270.54998779296875,263.5899963378906,265.8800048828125,1898100
2024-08-22,263.45001220703125,267.29998779296875,262.5,265.6400146484375,1613400
2024-08-23,268.54998779296875,268.95001220703125,264.6400146484375,265.1099853515625,1605400
2024-08-26,271.6600036621094,275.0400085449219,269.260009765625,272.1499938964844,2507200
2024-08-27,271.17999267578125,272.3299865722656,268.25,270.7900085449219,1955900
2024-08-28,258.8299865722656,267.8299865722656,255.2899932861328,266.67999267578125,2882000
2024-08-29,259.010009765625,263.3500061035156,258.2799987792969,261.8599853515625,4753200
2024-08-30,259.4700012207031,270.0,249.10000610351562,269.05999755859375,7373300
2024-09-03,258.0799865722656,261.7699890136719,251.75,258.260009765625,3072000
2024-09-04,255.50999450683594,257.489990234375,251.75999450683594,254.24000549316406,2415300
2024-09-05,253.6999969482422,257.7699890136719,252.5,255.83999633789062,1939000
2024-09-06,253.83999633789062,265.8999938964844,250.64999389648438,262.1300048828125,2589500
2024-09-09,248.58999633789062,258.17999267578125,247.10000610351562,253.88999938964844,2031700
2024-09-10,247.17999267578125,249.3800048828125,244.8800048828125,249.0,1440500
2024-09-11,255.1999969482422,255.69000244140625,243.3699951171875,248.0500030517578,1863000
2024-09-12,260.1400146484375,260.3900146484375,253.97000122070312,254.02000427246094,1819200
2024-09-13,266.760009765625,268.7799987792969,260.9100036621094,261.010009765625,1783200
2024-09-16,265.29998779296875,267.45001220703125,260.260009765625,266.989990234375,1368900
2024-09-17,268.4100036621094,270.44000244140625,264.6400146484375,266.8999938964844,1553900
2024-09-18,270.20001220703125,274.6400146484375,266.54998779296875,269.5799865722656,2109400
2024-09-19,270.760009765625,281.17999267578125,269.44000244140625,275.9800109863281,2463600
2024-09-20,262.6099853515625,270.760009765625,261.04998779296875,270.75,2866900
2024-09-23,259.79998779296875,264.1099853515625,259.5299987792969,263.0,1717000
2024-09-24,263.54998779296875,271.760009765625,262.7799987792969,266.69000244140625,2224000
2024-09-25,259.739990234375,264.0299987792969,257.6099853515625,263.0,1741400
2024-09-26,268.82000732421875,270.7300109863281,265.7300109863281,269.0,2187900
2024-09-27,280.010009765625,283.6600036621094,272.010009765625,273.2200012207031,2936200
2024-09-30,271.3500061035156,281.3299865722656,271.1000061035156,278.0,1977400
2024-10-01,266.45001220703125,269.6099853515625,261.75,267.6700134277344,1983500
2024-10-02,260.5299987792969,265.67999267578125,259.75,264.79998779296875,1712000
2024-10-03,262.55999755859375,262.82000732421875,256.5,258.4800109863281,1715300
2024-10-04,270.3800048828125,274.6600036621094,267.1199951171875,267.7699890136719,2175200
2024-10-07,272.4800109863281,273.57000732421875,264.20001220703125,270.6499938964844,2328700
2024-10-08,276.5899963378906,279.0,268.0,271.0899963378906,1952400
2024-10-09,274.1199951171875,278.57000732421875,272.1000061035156,277.8399963378906,1404600
2024-10-10,273.5799865722656,274.489990234375,268.1600036621094,273.6700134277344,1564900
2024-10-11,278.25,279.04998779296875,272.0,272.8999938964844,1486300
2024-10-14,286.760009765625,287.19000244140625,272.8999938964844,278.5,2125700
2024-10-15,287.4800109863281,292.45001220703125,285.2699890136719,286.4200134277344,1948600
2024-10-16,294.2099914550781,295.3599853515625,286.7099914550781,287.3399963378906,2344000
2024-10-17,283.7099914550781,295.6400146484375,283.6199951171875,294.4100036621094,2670500
2024-10-18,291.6300048828125,291.7900085449219,282.1499938964844,283.54998779296875,1693200
2024-10-21,297.739990234375,299.1600036621094,291.30999755859375,291.42999267578125,2482000
2024-10-22,298.8800048828125,304.489990234375,296.0,298.239990234375,2031000
2024-10-23,293.1400146484375,297.5299987792969,290.7099914550781,297.1400146484375,1179400
2024-10-24,298.989990234375,299.2200012207031,294.6199951171875,295.3999938964844,1165700
2024-10-25,304.1499938964844,313.0899963378906,302.510009765625,302.80999755859375,2594200
2024-10-28,307.5400085449219,310.1600036621094,304.5899963378906,306.0,1619100
2024-10-29,304.82000732421875,307.489990234375,303.8500061035156,307.489990234375,1605100
2024-10-30,303.8500061035156,308.79998779296875,301.5,303.4599914550781,1528900
2024-10-31,297.8999938964844,303.7099914550781,294.20001220703125,302.70001220703125,1761100
2024-11-01,321.1700134277344,322.3599853515625,297.760009765625,299.8500061035156,3874700
2024-11-04,318.1300048828125,322.42999267578125,316.7099914550781,320.25,2251000
2024-11-05,319.2300109863281,320.239990234375,316.19000244140625,317.0,1401600
2024-11-06,313.1400146484375,321.69000244140625,310.29998779296875,320.0,2205800
2024-11-07,315.29998779296875,323.010009765625,312.30999755859375,316.5400085449219,1567200
2024-11-08,308.5299987792969,316.0,308.44000244140625,315.0199890136719,1957900
2024-11-11,318.4599914550781,320.70001220703125,308.6199951171875,310.6300048828125,2064000
2024-11-12,320.8999938964844,322.25,314.1199951171875,317.0,1159200
2024-11-13,328.29998779296875,334.3500061035156,321.739990234375,323.7099914550781,2001000
2024-11-14,330.260009765625,334.5799865722656,324.5299987792969,328.67999267578125,1579600
2024-11-15,320.010009765625,331.32000732421875,319.760009765625,330.6199951171875,1264700
2024-11-18,309.5299987792969,322.42999267578125,307.8900146484375,322.0,1895500
2024-11-19,301.8500061035156,307.7900085449219,298.20001220703125,305.1700134277344,2090300
2024-11-20,308.30999755859375,309.1700134277344,298.6700134277344,298.739990234375,1404000
2024-11-21,315.1400146484375,316.489990234375,304.44000244140625,306.19000244140625,1521600
2024-11-22,317.1099853515625,327.6700134277344,315.1400146484375,315.1400146484375,1873200
2024-11-25,326.7200012207031,328.7099914550781,318.8599853515625,319.4599914550781,2150300
2024-11-26,318.8399963378906,326.2200012207031,318.239990234375,325.3999938964844,1209200
2024-11-27,319.5199890136719,322.8500061035156,316.4100036621094,319.82000732421875,1126300
2024-11-29,320.6600036621094,324.1600036621094,318.4700012207031,321.92999267578125,839200
2024-12-02,334.3999938964844,337.29998779296875,321.8299865722656,322.9100036621094,2330100
2024-12-03,340.6600036621094,341.4200134277344,329.739990234375,333.55999755859375,1924800
2024-12-04,342.2699890136719,342.94000244140625,337.1499938964844,338.8399963378906,2036400
2024-12-05,344.80999755859375,351.3800048828125,340.69000244140625,345.4800109863281,4435400
2024-12-06,399.6000061035156,409.70001220703125,377.0,377.0,10952000
2024-12-09,404.7900085449219,420.2099914550781,396.45001220703125,398.67999267578125,3708300
2024-12-10,397.1000061035156,407.54998779296875,393.0,404.0,2263300
2024-12-11,399.75,405.1600036621094,398.0799865722656,399.4700012207031,1359500
2024-12-12,389.3299865722656,398.239990234375,389.1700134277344,396.7300109863281,1572400
2024-12-13,391.6300048828125,392.6000061035156,385.0,387.010009765625,1442500
2024-12-16,389.739990234375,397.6600036621094,389.010009765625,390.9100036621094,1494400
2024-12-17,390.5899963378906,391.489990234375,382.0,386.1099853515625,1394600
2024-12-18,372.07000732421875,389.6700134277344,371.8800048828125,387.0,2096900
2024-12-19,373.5400085449219,377.5,368.6600036621094,375.0,2021600
2024-12-20,379.4200134277344,384.1600036621094,366.95001220703125,367.989990234375,3166900
2024-12-23,383.489990234375,388.3999938964844,376.7900085449219,379.8999938964844,1899900
2024-12-24,385.69000244140625,386.8800048828125,383.2099914550781,385.2099914550781,496400
2024-12-26,385.82000732421875,389.8599853515625,384.010009765625,384.8599853515625,1012900
2024-12-27,386.6700134277344,387.4800109863281,380.32000732421875,382.0,1075500
2024-12-30,384.04998779296875,389.19000244140625,377.5400085449219,380.0299987792969,1254700
2024-12-31,382.4100036621094,386.3599853515625,380.260009765625,384.05999755859375,1027600
2025-01-02,372.30999755859375,385.2799987792969,371.4800109863281,381.5,1350400
2025-01-03,378.17999267578125,382.0299987792969,373.7699890136719,375.5199890136719,1032500
2025-01-06,395.30999755859375,396.5899963378906,381.4200134277344,381.4200134277344,1729700
2025-01-07,393.4599914550781,414.82000732421875,393.1499938964844,403.8699951171875,1845200
2025-01-08,392.9200134277344,393.2200012207031,386.17999267578125,390.0,973400
2025-01-10,395.4700012207031,397.3500061035156,388.6700134277344,391.760009765625,1321800
2025-01-13,398.8599853515625,404.75,389.4800109863281,401.9200134277344,2086800
2025-01-14,388.739990234375,401.95001220703125,384.05999755859375,400.0,2531400
2025-01-15,376.6600036621094,393.3500061035156,374.3999938964844,391.5400085449219,2195800
2025-01-16,370.989990234375,377.8599853515625,367.1499938964844,377.6700134277344,1805300
2025-01-17,373.70001220703125,378.5299987792969,373.0400085449219,378.2699890136719,1344100
2025-01-21,372.80999755859375,377.7300109863281,367.20001220703125,375.94000244140625,2115500
2025-01-22,382.82000732421875,383.3800048828125,370.0,371.989990234375,1838500
2025-01-23,387.8500061035156,389.5,379.30999755859375,383.45001220703125,1445200
2025-01-24,400.0299987792969,400.7900085449219,385.7300109863281,390.1199951171875,1969600
2025-01-27,402.8999938964844,408.1199951171875,394.5,395.4800109863281,2337900
2025-01-28,409.4200134277344,416.0,403.239990234375,404.3900146484375,1660600
2025-01-29,411.1600036621094,413.54998779296875,407.6000061035156,410.3800048828125,976600
2025-01-30,421.1600036621094,423.32000732421875,413.510009765625,415.0,1519500
2025-01-31,414.20001220703125,422.8699951171875,412.0,419.1099853515625,1297400
2025-02-03,410.2900085449219,413.1400146484375,399.4800109863281,404.5,1752600
2025-02-04,415.8999938964844,417.9100036621094,408.42999267578125,409.239990234375,1088100
2025-02-05,412.79998779296875,417.0,411.07000732421875,415.9800109863281,1186400
2025-02-06,411.8299865722656,417.1199951171875,407.739990234375,416.25,1236300
2025-02-07,398.1000061035156,414.1400146484375,396.739990234375,414.1400146484375,1487700
2025-02-10,399.7099914550781,401.07000732421875,387.2799987792969,398.1000061035156,1341600
2025-02-11,397.6300048828125,403.2099914550781,397.1300048828125,398.1700134277344,866000
2025-02-12,395.1600036621094,399.7799987792969,390.29998779296875,392.95001220703125,1169300
2025-02-13,390.8500061035156,400.010009765625,390.0299987792969,400.010009765625,1529200
2025-02-14,366.67999267578125,393.5400085449219,365.6199951171875,393.5199890136719,3310300
2025-02-18,372.44000244140625,372.94000244140625,354.04998779296875,365.67999267578125,2251000
2025-02-19,367.2200012207031,374.4100036621094,362.8699951171875,370.1099853515625,1423400
2025-02-20,365.82000732421875,369.5299987792969,359.1000061035156,367.2099914550781,1463200
2025-02-21,358.9700012207031,366.989990234375,354.2900085449219,366.0,1400600
2025-02-24,368.2200012207031,372.4100036621094,360.0,364.0,2001700
2025-02-25,366.7200012207031,370.25,359.19000244140625,366.4100036621094,1365200
2025-02-26,366.0299987792969,372.6600036621094,363.0799865722656,366.3299865722656,1241800
2025-02-27,362.1600036621094,371.75,359.30999755859375,364.6400146484375,1438300
2025-02-28,365.6099853515625,366.5400085449219,358.0,358.67999267578125,1194100
2025-03-03,347.80999755859375,367.010009765625,345.5199890136719,365.79998779296875,1696800
2025-03-04,345.2900085449219,349.55999755859375,330.29998779296875,342.6199951171875,2120600
2025-03-05,349.5299987792969,350.79998779296875,340.8399963378906,344.1300048828125,1355100
2025-03-06,347.94000244140625,363.8800048828125,345.0,348.67999267578125,1783100
2025-03-07,344.3599853515625,347.739990234375,332.760009765625,347.1300048828125,1717400
2025-03-10,333.7699890136719,342.6099853515625,330.7200012207031,337.57000732421875,1956900
2025-03-11,319.4200134277344,333.94000244140625,317.7099914550781,333.70001220703125,2033100
2025-03-12,316.489990234375,324.79998779296875,315.6700134277344,322.989990234375,1685600
2025-03-13,309.67999267578125,317.25,304.7699890136719,316.0899963378906,1812000
2025-03-14,311.0299987792969,316.9800109863281,308.6600036621094,313.3999938964844,1513900
2025-03-17,327.0899963378906,330.4200134277344,313.5,314.2699890136719,1768300
2025-03-18,323.07000732421875,326.0,319.2200012207031,325.8900146484375,1122400
2025-03-19,329.57000732421875,330.80999755859375,318.55999755859375,319.45001220703125,1097900
2025-03-20,324.45001220703125,333.010009765625,323.29998779296875,327.04998779296875,1106500
2025-03-21,322.6199951171875,324.3800048828125,311.0,317.6400146484375,1986100
2025-03-24,334.9599914550781,336.3599853515625,324.80999755859375,324.80999755859375,1703800
2025-03-25,337.3500061035156,346.7200012207031,334.739990234375,342.5,2040400
2025-03-26,337.7900085449219,340.7699890136719,332.4200134277344,336.760009765625,2300500
2025-03-27,341.5299987792969,348.5,334.07000732421875,334.25,4470400
2025-03-28,293.05999755859375,304.0,287.5,301.04998779296875,12915200
2025-03-31,283.05999755859375,291.760009765625,280.8299865722656,286.1400146484375,4414700
2025-04-01,279.6300048828125,283.6400146484375,277.45001220703125,282.2300109863281,3315100
2025-04-02,282.75,287.95001220703125,276.510009765625,277.75,2315200
2025-04-03,255.64999389648438,256.8800048828125,243.0500030517578,243.97999572753906,7596800
2025-04-04,263.70001220703125,271.75,234.83999633789062,242.0,8370800
2025-04-07,265.0,273.6499938964844,246.44000244140625,255.72000122070312,4203800
2025-04-08,247.61000061035156,270.4100036621094,243.74000549316406,269.4100036621094,3367900
2025-04-09,273.8399963378906,287.2099914550781,242.4499969482422,244.00999450683594,6278000
2025-04-10,256.6199951171875,262.8900146484375,247.9199981689453,262.8900146484375,3712500
2025-04-11,261.0299987792969,263.8500061035156,249.07000732421875,256.42999267578125,1961400
2025-04-14,259.760009765625,265.8800048828125,254.5800018310547,264.7799987792969,1796000
2025-04-15,255.63999938964844,263.6000061035156,252.97999572753906,260.0899963378906,1573700
2025-04-16,249.3699951171875,256.94000244140625,246.88999938964844,253.3800048828125,1772800
2025-04-17,251.0800018310547,252.22999572753906,248.0,249.35000610351562,1600600
2025-04-21,253.91000366210938,254.02999877929688,245.60000610351562,249.33999633789062,1559500
2025-04-22,261.7099914550781,267.1000061035156,257.1199951171875,257.1199951171875,2133700
2025-04-23,265.8500061035156,277.29998779296875,263.67999267578125,271.79998779296875,1808500
2025-04-24,270.6400146484375,272.0,261.260009765625,267.82000732421875,1283300
2025-04-25,267.8999938964844,269.6300048828125,265.4800109863281,267.95001220703125,1423000
2025-04-28,268.5199890136719,270.7099914550781,265.8500061035156,268.3399963378906,1412600
2025-04-29,271.2699890136719,272.0,266.05999755859375,267.9599914550781,1533800
2025-04-30,270.7699890136719,271.2699890136719,259.3299865722656,265.7099914550781,2015600
2025-05-01,268.6000061035156,274.3299865722656,268.3599853515625,271.3399963378906,1227800
2025-05-02,277.3599853515625,279.44000244140625,272.80999755859375,273.92999267578125,1811400
2025-05-05,278.54998779296875,281.44000244140625,276.1499938964844,276.4200134277344,1329900
2025-05-06,270.79998779296875,275.04998779296875,269.57000732421875,274.20001220703125,1141700
2025-05-07,275.69000244140625,277.1300048828125,271.9200134277344,273.5199890136719,1120800
2025-05-08,282.42999267578125,286.260009765625,277.3800048828125,279.79998779296875,1483900
2025-05-09,279.7699890136719,284.0,279.5799865722656,283.260009765625,1680000
2025-05-12,304.20001220703125,309.82000732421875,297.9800109863281,297.9800109863281,2531700
2025-05-13,310.6099853515625,311.8399963378906,304.8699951171875,308.7200012207031,1643700
2025-05-14,315.8399963378906,319.07000732421875,309.80999755859375,310.7799987792969,1574300
2025-05-15,318.9599914550781,319.4100036621094,312.3500061035156,313.8599853515625,1175900
2025-05-16,321.44000244140625,325.44000244140625,317.3299865722656,320.0,1277500
2025-05-19,323.70001220703125,326.7300109863281,316.0,316.260009765625,1701500
2025-05-20,327.1700134277344,330.489990234375,322.510009765625,323.20001220703125,1378800
2025-05-21,317.55999755859375,326.42999267578125,317.3599853515625,322.1099853515625,1323300
2025-05-22,320.4599914550781,321.8299865722656,317.2300109863281,320.5,1344600
2025-05-23,310.760009765625,315.3999938964844,309.7900085449219,312.5299987792969,1989900
2025-05-27,321.20001220703125,322.0,312.7699890136719,315.0,2193300
2025-05-28,315.75,321.3299865722656,315.67999267578125,321.20001220703125,1940900
2025-05-29,317.0899963378906,322.94000244140625,316.04998779296875,321.32000732421875,2601700
2025-05-30,316.6700134277344,317.739990234375,311.32000732421875,314.3699951171875,3652700
2025-06-02,322.95001220703125,323.5,313.1400146484375,315.1300048828125,1809700
2025-06-03,334.9100036621094,340.25,324.7099914550781,328.54998779296875,3248100
2025-06-04,335.19000244140625,339.1499938964844,333.3900146484375,333.5299987792969,2293700
2025-06-05,330.7799987792969,338.489990234375,329.6000061035156,335.1099853515625,5233900
2025-06-06,265.2699890136719,275.6000061035156,262.0899963378906,271.17999267578125,16112200
2025-06-09,259.0400085449219,266.95001220703125,259.0,266.5400085449219,5395300
2025-06-10,258.5,262.1600036621094,257.3999938964844,260.0,3950800
2025-06-11,252.27999877929688,261.29998779296875,251.52000427246094,260.8599853515625,4461800
2025-06-12,247.02999877929688,251.8000030517578,246.55999755859375,251.8000030517578,4165200
2025-06-13,239.11000061035156,248.25,238.25,244.5800018310547,4525600
2025-06-16,241.2899932861328,242.05999755859375,238.25999450683594,241.6199951171875,3643100
2025-06-17,235.1999969482422,241.3000030517578,234.58999633789062,240.82000732421875,3391500
2025-06-18,228.64999389648438,235.69000244140625,228.4499969482422,235.41000366210938,4682200
2025-06-20,227.47000122070312,231.3000030517578,227.1199951171875,230.6999969482422,4903100
2025-06-23,225.55999755859375,227.0,219.97000122070312,226.72999572753906,4699800
2025-06-24,232.92999267578125,233.49000549316406,227.5500030517578,227.80999755859375,3789200
2025-06-25,231.52000427246094,234.89999389648438,229.35000610351562,234.52000427246094,2676900
2025-06-26,231.5800018310547,232.9199981689453,227.60000610351562,232.4600067138672,3115400
2025-06-27,235.02000427246094,237.1999969482422,231.5,235.0,6204700
2025-06-30,237.5800018310547,238.08999633789062,233.85000610351562,236.32000732421875,2964500
2025-07-01,245.1199951171875,247.77999877929688,237.0,237.22999572753906,3879100
2025-07-02,246.3000030517578,252.24000549316406,236.32000732421875,245.66000366210938,5344900
2025-07-03,247.67999267578125,249.97000122070312,246.0,247.39999389648438,1646300
2025-07-07,237.57000732421875,247.0,235.3000030517578,245.89999389648438,3317300
2025-07-08,238.5399932861328,239.7899932861328,235.0,237.5800018310547,2317500
2025-07-09,235.88999938964844,239.27000427246094,232.08999633789062,239.27000427246094,3235500
2025-07-10,238.52000427246094,241.83999633789062,234.64999389648438,237.77000427246094,2594900
2025-07-11,236.50999450683594,238.4499969482422,235.52999877929688,237.0399932861328,1670100
2025-07-14,228.88999938964844,236.19000244140625,228.75,235.61000061035156,3392300
2025-07-15,222.19000244140625,230.5399932861328,222.05999755859375,229.19000244140625,4770100
2025-07-16,226.11000061035156,227.66000366210938,222.4600067138672,224.14999389648438,3228100
2025-07-17,233.30999755859375,233.75,226.92999267578125,227.0,2956100
2025-07-18,229.77000427246094,233.0,228.07000732421875,232.7899932861328,2552700
2025-07-21,223.2100067138672,230.5,222.64999389648438,229.97000122070312,2985000
2025-07-22,223.92999267578125,225.4499969482422,221.08999633789062,221.77000427246094,3309000
2025-07-23,224.02999877929688,226.24000549316406,222.8699951171875,225.0,2212100
2025-07-24,218.69000244140625,225.30999755859375,218.4499969482422,223.41000366210938,3480300
2025-07-25,219.42999267578125,220.50999450683594,216.49000549316406,220.25,2638000
2025-07-28,216.58999633789062,220.6999969482422,216.3300018310547,220.32000732421875,2368800
2025-07-29,214.0399932861328,219.1199951171875,213.8800048828125,216.0,2585600
2025-07-30,206.47000122070312,214.14999389648438,205.88999938964844,214.0,3850900
2025-07-31,200.52999877929688,206.63999938964844,200.24000549316406,203.97000122070312,4173900
2025-08-01,193.3300018310547,200.0,191.44000244140625,199.94000244140625,4697900
2025-08-04,196.4499969482422,197.49000549316406,192.80999755859375,195.0800018310547,3524500
2025-08-05,195.07000732421875,197.82000732421875,194.63999938964844,195.47999572753906,2871600
2025-08-06,196.50999450683594,198.14999389648438,194.85000610351562,195.64999389648438,2143800
2025-08-07,191.13999938964844,198.10000610351562,189.77000427246094,197.6999969482422,3160100
2025-08-08,189.42999267578125,191.25,186.52000427246094,191.0800018310547,3191200
2025-08-11,186.44000244140625,192.0,185.9499969482422,189.1300048828125,2581800
2025-08-12,192.92999267578125,193.14999389648438,186.75999450683594,188.16000366210938,3392700
2025-08-13,200.49000549316406,200.8300018310547,192.85000610351562,195.61000061035156,4239300
2025-08-14,195.19000244140625,197.02000427246094,192.35000610351562,196.89999389648438,4102400
2025-08-15,198.4600067138672,201.13999938964844,196.39999389648438,200.77999877929688,4757500
2025-08-18,203.6199951171875,206.74000549316406,200.30999755859375,200.33999633789062,4864400
2025-08-19,197.66000366210938,205.88999938964844,196.52000427246094,204.6999969482422,4329100
2025-08-20,198.1199951171875,200.3000030517578,195.30999755859375,197.67999267578125,2863100
2025-08-21,198.17999267578125,198.47999572753906,195.1999969482422,196.91000366210938,2222700
2025-08-22,207.58999633789062,208.1300048828125,198.5,198.5,3808700
2025-08-25,202.44000244140625,208.0,202.3699951171875,206.6999969482422,2933100
2025-08-26,202.52999877929688,204.38999938964844,200.5,204.36000061035156,2501800
2025-08-27,205.57000732421875,207.6699981689453,203.5,203.8000030517578,3423100
2025-08-28,205.0800018310547,206.61000061035156,202.3800048828125,206.0500030517578,2831500
2025-08-29,202.1999969482422,205.8000030517578,200.7100067138672,204.6199951171875,3169700
2025-09-02,200.2100067138672,201.27000427246094,195.5800018310547,199.80999755859375,4433500
2025-09-03,198.52999877929688,203.00999450683594,197.61000061035156,201.3000030517578,4083900
2025-09-04,206.08999633789062,206.63999938964844,197.6699981689453,200.89999389648438,15476700
2025-09-05,167.8000030517578,176.17999267578125,163.97999572753906,165.13999938964844,36788900
2025-09-08,168.10000610351562,169.61000061035156,162.8000030517578,167.75999450683594,13919800
2025-09-09,165.69000244140625,169.14999389648438,164.3800048828125,167.8300018310547,8678900
2025-09-10,163.89999389648438,167.35000610351562,163.1999969482422,164.6999969482422,5785900
2025-09-11,165.77999877929688,168.58999633789062,163.33999633789062,163.9600067138672,6645300
2025-09-12,159.8699951171875,165.92999267578125,159.75,165.25999450683594,8061200
2025-09-15,159.97999572753906,162.1699981689453,159.25,160.72999572753906,5576100
2025-09-16,162.33999633789062,163.63999938964844,159.75,160.0,5091000
2025-09-17,163.47999572753906,165.69000244140625,162.22000122070312,162.33999633789062,4339900
2025-09-18,169.75999450683594,170.72000122070312,166.52000427246094,169.02000427246094,7097200
2025-09-19,169.6199951171875,170.89999389648438,167.52999877929688,169.6999969482422,7885900
2025-09-22,173.41000366210938,174.17999267578125,165.10000610351562,169.3000030517578,6349100
2025-09-23,173.3300018310547,176.1699981689453,171.5800018310547,172.22000122070312,6042600
2025-09-24,179.22000122070312,179.55999755859375,171.8000030517578,173.25999450683594,5304600
2025-09-25,172.00999450683594,177.82000732421875,171.00999450683594,177.11000061035156,6628800
2025-09-26,176.3000030517578,176.7100067138672,171.50999450683594,172.1999969482422,3821600
2025-09-29,179.11000061035156,179.39999389648438,176.00999450683594,177.72000122070312,3507800
2025-09-30,177.92999267578125,180.08999633789062,176.49000549316406,178.52999877929688,3415800
2025-10-01,177.57000732421875,181.57000732421875,175.9499969482422,178.25,3482900
2025-10-02,178.1999969482422,180.6300048828125,175.0,177.0800018310547,3530400
2025-10-03,175.58999633789062,179.11000061035156,175.52000427246094,178.11000061035156,3017900
2025-10-06,174.1199951171875,177.19000244140625,172.3000030517578,174.47000122070312,3694600
2025-10-07,173.1699981689453,177.0,172.14999389648438,174.74000549316406,2902400
2025-10-08,174.82000732421875,176.33999633789062,171.8800048828125,173.4499969482422,4952200
2025-10-09,173.47999572753906,178.89999389648438,172.6999969482422,175.11000061035156,4277300
2025-10-10,167.50999450683594,176.67999267578125,166.52999877929688,174.19000244140625,7424400
2025-10-13,169.85000610351562,170.75,164.22999572753906,169.19000244140625,3588200
2025-10-14,169.1300048828125,171.35000610351562,165.52999877929688,167.47000122070312,3105400
2025-10-15,167.10000610351562,171.0,166.52999877929688,169.60000610351562,2510000
2025-10-16,164.6199951171875,166.88999938964844,161.8000030517578,166.3800048828125,4092600
2025-10-17,167.41000366210938,167.8699951171875,162.85000610351562,162.97999572753906,4111300
2025-10-20,172.42999267578125,176.47000122070312,170.9199981689453,171.27999877929688,5105300
2025-10-21,181.38999938964844,183.0500030517578,172.92999267578125,173.17999267578125,6689700
2025-10-22,178.2899932861328,181.5,175.89999389648438,181.4499969482422,3626600
2025-10-23,179.05999755859375,180.58999633789062,177.52000427246094,178.5500030517578,2638600
2025-10-24,178.1699981689453,181.38999938964844,177.25999450683594,180.47999572753906,2609400
2025-10-27,181.38999938964844,186.91000366210938,181.3300018310547,186.42999267578125,5185500
2025-10-28,179.97999572753906,181.52000427246094,175.17999267578125,181.39999389648438,3800100
2025-10-29,170.3000030517578,178.99000549316406,169.77000427246094,178.7100067138672,5155700
2025-10-30,168.02000427246094,172.2100067138672,166.77999877929688,168.0,2832400
2025-10-31,170.5399932861328,171.4600067138672,166.57000732421875,168.39999389648438,2991000
2025-11-03,165.47000122070312,170.1999969482422,164.2899932861328,170.1999969482422,4237600
2025-11-04,160.66000366210938,164.85000610351562,160.4600067138672,164.0800018310547,5194800
2025-11-05,167.58999633789062,169.74000549316406,161.10000610351562,161.22999572753906,4679500
2025-11-06,163.5500030517578,168.89999389648438,161.8699951171875,167.41000366210938,3023100
2025-11-07,166.1300048828125,167.1199951171875,161.6999969482422,162.5,2912700
2025-11-10,170.35000610351562,171.22999572753906,165.35000610351562,167.8000030517578,2942200
2025-11-11,169.80999755859375,172.25999450683594,168.88999938964844,170.19000244140625,2664000
2025-11-12,170.89999389648438,172.47999572753906,169.8800048828125,171.58999633789062,2556400
2025-11-13,169.66000366210938,173.22999572753906,169.0,170.39999389648438,2096400
2025-11-14,170.67999267578125,171.77999877929688,165.3800048828125,165.82000732421875,1950100
2025-11-17,164.16000366210938,168.72999572753906,162.75999450683594,168.6199951171875,3240500
2025-11-18,163.97000122070312,164.97000122070312,160.97000122070312,162.5800018310547,2791900
2025-11-19,166.05999755859375,169.10000610351562,163.4499969482422,164.6699981689453,2500900
2025-11-20,164.69000244140625,170.5,164.50999450683594,166.1300048828125,2911400
2025-11-21,168.17999267578125,170.17999267578125,163.47000122070312,165.2100067138672,3337500
2025-11-24,169.6699981689453,172.38999938964844,166.22999572753906,168.32000732421875,3862500
2025-11-25,177.50999450683594,179.1699981689453,171.5,171.5500030517578,4518200
2025-11-26,181.94000244140625,183.69000244140625,177.7899932861328,178.0,3840000
2025-11-28,184.17999267578125,186.69000244140625,183.5,185.0,3021000
2025-12-01,182.41000366210938,184.94000244140625,180.25,181.19000244140625,4155100
2025-12-02,182.39999389648438,184.41000366210938,181.2100067138672,183.35000610351562,2362300
2025-12-03,182.3000030517578,185.07000732421875,178.89999389648438,182.66000366210938,2742200
2025-12-04,183.60000610351562,184.89999389648438,179.58999633789062,182.7100067138672,2973300
2025-12-05,190.00999450683594,191.85000610351562,184.6199951171875,184.6199951171875,4641900
2025-12-08,183.0399932861328,191.27999877929688,180.0,190.52999877929688,5226400
2025-12-09,182.27999877929688,183.58999633789062,180.6999969482422,182.8000030517578,3274300
2025-12-10,187.6199951171875,188.22000122070312,181.5,181.63999938964844,3233500
2025-12-11,187.00999450683594,188.5,182.0399932861328,183.44000244140625,9925700
2025-12-12,204.97000122070312,213.22000122070312,202.11000061035156,204.5800018310547,20263800
2025-12-15,206.2899932861328,208.3000030517578,198.5399932861328,203.22999572753906,7686800
2025-12-16,206.74000549316406,209.2100067138672,203.27000427246094,208.80999755859375,5156000
2025-12-17,207.8699951171875,209.4499969482422,201.00999450683594,206.42999267578125,5254400
2025-12-18,215.11000061035156,225.97999572753906,215.0500030517578,223.88999938964844,12120600
2025-12-19,209.4499969482422,217.25999450683594,207.3800048828125,214.99000549316406,15983300
2025-12-22,212.3699951171875,213.72000122070312,207.99000549316406,209.42999267578125,4610500
2025-12-23,212.67999267578125,213.3699951171875,209.25,211.11000061035156,2867800
2025-12-24,210.39999389648438,214.19000244140625,210.25,213.22000122070312,1152500
2025-12-26,208.97000122070312,211.0,207.86000061035156,210.0,2076700
2025-12-29,212.5399932861328,212.89999389648438,207.02000427246094,208.0,3453500
2025-12-30,210.6699981689453,213.17999267578125,210.47000122070312,212.50999450683594,1987600
2025-12-31,207.80999755859375,211.36000061035156,207.69000244140625,210.91000366210938,1967500
2026-01-02,210.80999755859375,212.0800018310547,208.55999755859375,209.22000122070312,2415700
2026-01-05,212.39999389648438,216.4499969482422,211.07000732421875,211.44000244140625,3173100
2026-01-06,215.8800048828125,216.4600067138672,209.99000549316406,212.39999389648438,3105900
2026-01-07,211.72000122070312,216.75,209.3699951171875,215.85000610351562,2343200
2026-01-08,212.1699981689453,217.22000122070312,209.4600067138672,209.75,2750600
2026-01-09,203.89999389648438,213.6300048828125,200.4499969482422,213.0,5732800
2026-01-12,209.0399932861328,211.4199981689453,202.0,203.3000030517578,4200900
2026-01-13,211.89999389648438,214.14999389648438,208.3699951171875,208.89999389648438,2417000
2026-01-14,203.13999938964844,215.0,202.17999267578125,211.3300018310547,2628600
2026-01-15,205.00999450683594,205.83999633789062,201.0,203.4600067138672,2422600
2026-01-16,201.8699951171875,205.07000732421875,201.5,204.38999938964844,3642300
2026-01-20,188.75999450683594,201.2899932861328,188.5500030517578,198.41000366210938,4306200
2026-01-21,189.83999633789062,193.2899932861328,186.89999389648438,188.91000366210938,2523200
2026-01-22,194.66000366210938,196.27999877929688,190.8699951171875,190.91000366210938,2080600
2026-01-23,191.07000732421875,194.88999938964844,191.0,192.7100067138672,1719900
2026-01-26,192.7899932861328,195.74000549316406,189.16000366210938,191.00999450683594,1885800
2026-01-27,186.38999938964844,192.49000549316406,186.17999267578125,192.0,2632300
2026-01-28,180.35000610351562,187.49000549316406,179.1999969482422,186.52000427246094,2872100
2026-01-29,172.5399932861328,180.0,171.3000030517578,179.6199951171875,3543700
2026-01-30,174.5,175.39999389648438,171.25,173.75999450683594,2735200
2026-02-02,179.0800018310547,181.55999755859375,173.9499969482422,174.8699951171875,3062800
2026-02-03,171.57000732421875,179.9199981689453,171.3300018310547,176.5,2452200
2026-02-04,178.0,178.1699981689453,172.44000244140625,173.11000061035156,2858500
2026-02-05,170.08999633789062,178.8800048828125,169.42999267578125,177.0500030517578,2204400
2026-02-06,172.85000610351562,175.42999267578125,170.0,170.0,1953900
2026-02-09,175.67999267578125,175.88999938964844,170.27000427246094,173.0,1664900
2026-02-10,180.6199951171875,184.5,176.00999450683594,176.32000732421875,2266900
2026-02-11,175.86000061035156,181.72000122070312,175.83999633789062,180.10000610351562,1630700
2026-02-12,169.52999877929688,178.97999572753906,168.38999938964844,176.8000030517578,2599800
2026-02-13,176.4199981689453,176.6699981689453,170.82000732421875,171.6199951171875,1934200
2026-02-17,177.72000122070312,178.80999755859375,172.39999389648438,175.2100067138672,1636100
2026-02-18,182.1300048828125,182.5800018310547,176.0,177.00999450683594,1751300
2026-02-19,182.8800048828125,183.3000030517578,179.2100067138672,180.89999389648438,1331100
2026-02-20,187.3000030517578,192.49000549316406,178.1999969482422,181.3699951171875,3489000
2026-02-23,178.11000061035156,185.00999450683594,176.67999267578125,184.83999633789062,2325600
2026-02-24,179.49000549316406,182.0,177.5,178.8300018310547,1312100
2026-02-25,182.5500030517578,183.85000610351562,179.47000122070312,179.75,1581700
2026-02-26,186.10000610351562,188.4199981689453,184.0,184.66000366210938,1812300
2026-02-27,185.1699981689453,186.64999389648438,180.97999572753906,181.1300048828125,1810800
2026-03-02,176.1699981689453,179.3800048828125,175.27999877929688,179.3800048828125,2974200
2026-03-03,174.27000427246094,175.4600067138672,168.5399932861328,171.72999572753906,2843800
2026-03-04,173.2100067138672,175.4499969482422,172.13999938964844,173.55999755859375,2188700
2026-03-05,173.17999267578125,174.39999389648438,170.07000732421875,172.97999572753906,2150300
2026-03-06,170.1300048828125,171.77000427246094,165.8800048828125,171.77000427246094,2771400
2026-03-09,169.75999450683594,170.92999267578125,163.4499969482422,165.63999938964844,2708400
2026-03-10,166.42999267578125,171.33999633789062,166.33999633789062,169.75999450683594,2320300
2026-03-11,162.7899932861328,168.3800048828125,162.72999572753906,167.3800048828125,2601300
2026-03-12,158.19000244140625,163.02999877929688,157.9499969482422,161.75999450683594,2787700
2026-03-13,157.77999877929688,159.49000549316406,156.63999938964844,159.0500030517578,2516900
2026-03-16,159.91000366210938,161.58999633789062,156.77999877929688,157.5,3026200
2026-03-17,159.27000427246094,164.02999877929688,158.8699951171875,161.4499969482422,6341500
2026-03-18,165.38999938964844,169.39999389648438,156.80999755859375,158.0399932861328,7402500
2026-03-19,165.57000732421875,167.6999969482422,161.3300018310547,163.0399932861328,3859700
2026-03-20,162.82000732421875,166.69000244140625,161.2100067138672,165.16000366210938,4942200
2026-03-23,164.3800048828125,167.49000549316406,162.60000610351562,165.8800048828125,2609300
2026-03-24,160.9499969482422,166.5399932861328,160.2899932861328,164.25,1874600
2026-03-25,158.72000122070312,163.6300048828125,156.8300018310547,162.60000610351562,2391900
2026-03-26,151.38999938964844,160.10000610351562,151.22999572753906,157.99000549316406,3015700
2026-03-27,145.85000610351562,150.52000427246094,143.9600067138672,150.36000061035156,3694900
2026-03-30,145.8300018310547,148.85000610351562,145.3699951171875,145.9199981689453,2694000
2026-03-31,153.10000610351562,153.6699981689453,148.0,148.41000366210938,2520900
2026-04-01,158.80999755859375,161.0,150.8000030517578,150.92999267578125,3039500
2026-04-02,155.72000122070312,159.4499969482422,152.85000610351562,155.1699981689453,1963500
2026-04-06,156.17999267578125,157.25,153.6300048828125,155.32000732421875,1506500
2026-04-07,153.6699981689453,155.24000549316406,151.7100067138672,154.3000030517578,1434300
2026-04-08,158.86000061035156,163.16000366210938,158.1699981689453,160.22999572753906,1664700
2026-04-09,166.50999450683594,166.8000030517578,157.30999755859375,157.42999267578125,1967600
2026-04-10,163.86000061035156,167.9499969482422,162.8000030517578,166.7899932861328,1556600
2026-04-13,162.55999755859375,163.94000244140625,156.5500030517578,162.1999969482422,1986800
2026-04-14,160.60000610351562,164.2100067138672,158.47000122070312,162.5800018310547,2635800
2026-04-15,162.74000549316406,164.2100067138672,160.35000610351562,161.32000732421875,1853500
2026-04-16,162.9199981689453,167.42999267578125,162.2100067138672,164.7100067138672,1516900
2026-04-17,167.27999877929688,168.9499969482422,165.0,165.25,2244600
2026-04-20,166.80999755859375,167.42999267578125,164.6999969482422,164.83999633789062,1386000
2026-04-21,166.6999969482422,170.1999969482422,165.61000061035156,167.5,1723700
2026-04-22,163.4499969482422,168.1999969482422,161.2100067138672,167.61000061035156,2513500
2026-04-23,141.66000366210938,152.0800018310547,141.3300018310547,152.0800018310547,12180300
2026-04-24,143.8000030517578,145.38999938964844,141.77999877929688,141.8800048828125,3817900
2026-04-27,146.94000244140625,148.69000244140625,143.77000427246094,143.83999633789062,3245000
2026-04-28,142.38999938964844,148.6699981689453,142.22999572753906,146.97000122070312,2594900
2026-04-29,138.16000366210938,141.72999572753906,136.91000366210938,141.5,3373900
2026-04-30,137.6999969482422,139.94000244140625,136.89999389648438,137.91000366210938,3056200
2026-05-01,133.5800018310547,139.1999969482422,133.5500030517578,137.8699951171875,4183500
2026-05-04,128.97999572753906,133.97000122070312,128.92999267578125,133.55999755859375,4782100
2026-05-05,130.2100067138672,131.25,127.80000305175781,129.66000366210938,3378600
2026-05-06,132.0399932861328,132.50999450683594,129.61000061035156,131.89999389648438,2551400
2026-05-07,133.58999633789062,135.1699981689453,132.19000244140625,133.13999938964844,3014100
2026-05-08,131.17999267578125,133.72000122070312,131.07000732421875,133.1199951171875,2082000
2026-05-11,126.33999633789062,130.69000244140625,126.0999984741211,130.69000244140625,3792400
2026-05-12,125.12999725341797,126.33999633789062,123.51000213623047,126.26000213623047,3097500
2026-05-13,121.20999908447266,124.5999984741211,121.1500015258789,124.33999633789062,4234500
2026-05-14,121.05999755859375,122.87999725341797,120.51000213623047,122.19000244140625,2672500
2026-05-15,119.13999938964844,122.5,119.05999755859375,120.69999694824219,2952900
2026-05-18,120.26000213623047,121.80000305175781,118.37999725341797,118.70999908447266,3309700
2026-05-19,119.22000122070312,121.25,118.05999755859375,120.88999938964844,2611600
2026-05-20,125.19000244140625,125.30999755859375,116.62999725341797,118.52999877929688,3355500
2026-05-21,126.76000213623047,127.04000091552734,121.19999694824219,124.55999755859375,2918900
2026-05-22,127.18000030517578,127.94000244140625,124.9000015258789,127.26000213623047,2259200
2026-05-26,127.3499984741211,129.00999450683594,125.20999908447266,128.3000030517578,2374700
2026-05-27,131.0399932861328,136.13999938964844,130.52999877929688,131.9600067138672,4862900
2026-05-28,131.3300018310547,131.82000732421875,127.11000061035156,129.97000122070312,3014500
2026-05-29,131.17999267578125,132.4199981689453,129.05999755859375,131.1300048828125,3428000
2026-06-01,132.08999633789062,134.3800048828125,131.1300048828125,132.33999633789062,3672400
2026-06-02,126.47000122070312,131.11000061035156,126.41000366210938,131.11000061035156,3846800
2026-06-03,126.02999877929688,126.16000366210938,123.44999694824219,124.9000015258789,2876400
2026-06-04,124.91999816894531,129.0,123.66999816894531,128.60000610351562,9835900
2026-06-05,114.2300033569336,116.76000213623047,109.36000061035156,110.43000030517578,16205900
2026-06-08,117.55000305175781,118.02999877929688,113.9000015258789,114.37000274658203,5830500
2026-06-09,121.36000061035156,121.9000015258789,115.76000213623047,117.16000366210938,4483100
2026-06-10,118.93000030517578,124.37999725341797,118.0199966430664,119.44999694824219,4189300
2026-06-11,121.83999633789062,121.88999938964844,115.87999725341797,118.56999969482422,2987900
2026-06-12,118.7699966430664,122.61000061035156,118.5,121.98999786376953,2847700
2026-06-15,116.20999908447266,120.52999877929688,115.91999816894531,119.20999908447266,3344400
2026-06-16,115.5,118.6500015258789,115.30000305175781,115.7300033569336,2609100
2026-06-17,111.76000213623047,118.8499984741211,111.69999694824219,115.93000030517578,3446900
2026-06-18,111.7699966430664,113.69999694824219,110.2699966430664,111.5,6175500
2026-06-22,105.43000030517578,111.37999725341797,104.44000244140625,111.37999725341797,5647600
2026-06-23,108.91999816894531,109.93000030517578,105.20999908447266,105.4800033569336,4660900
2026-06-24,113.08999633789062,113.4000015258789,110.16999816894531,110.9000015258789,3598400
2026-06-25,112.05999755859375,114.16000366210938,110.55999755859375,112.93000030517578,3599400
2026-06-26,117.56999969482422,117.6500015258789,111.36000061035156,112.0,5401400
